-- User table
INSERT INTO User (Username, Email, Password, SubscriptionType, SubscriptionEndDate)
VALUES 
('john doe', 'john@gmail.com', 'password123', 'Premium', '2024-12-31'),
('jane doe', 'jane@gmail.com', 'janepass456', 'Basic', '2024-12-31'),
('alicesmith', 'alice@gmail.com', 'alicepass789', 'Free', '2024-04-30'),
('bobjohnson', 'bob@gmail.com', 'bobpass123', 'Premium', '2024-12-31'),
('emma watson', 'emma@gmail.com', 'emmapass456', 'Basic', '2024-12-31'),
('michael brown', 'michael@gmail.com', 'michaelpass789', 'Free', '2024-06-30'),
('sarah parker', 'sarah@gmail.com', 'sarahpass123', 'Premium', '2024-12-31'),
('ryan  garcia', 'ryan@gmail.com', 'ryanpass456', 'Basic', '2024-04-30'),
('olivia smith', 'olivia@gmail.com', 'oliviapass789', 'Free','2024-06-30'),
('david lee', 'david@gmail.com', 'davidpass123', 'Premium', '2024-12-31'),
('rania thompson','rania@gmail.com','raniapass321','Premium','2024-06-30'),
('alex jackson', 'alex.jackson@example.com', 'alexpass789', 'Premium', '2024-12-31'),
('lisa smith', 'lisa.smith@example.com', 'lisapass123', 'Basic', '2024-12-31'),
('matt brown', 'matt.brown@example.com', 'mattpass456', 'Free', '2024-04-30'),
('samantha davis', 'samantha.davis@example.com', 'samanthapass789', 'Premium', '2024-12-31'),
('adam wilson', 'adam.wilson@example.com', 'adampass123', 'Basic', '2024-12-31'),
('natalie adams', 'natalie.adams@example.com', 'nataliepass456', 'Free', '2024-06-30'),
('chris thompson', 'chris.thompson@example.com', 'chrispass789', 'Premium', '2024-12-31'),
('rachel wilson', 'rachel.wilson@example.com', 'rachelpass123', 'Basic', '2024-04-30'),
('kevin johnson', 'kevin.johnson@example.com', 'kevinpass456', 'Free', '2024-06-30'),
('lucy smith', 'lucy.smith@example.com', 'lucypass789', 'Premium', '2024-12-31'),
('peter williams', 'peter.williams@example.com', 'peterpass123', 'Premium', '2024-06-30');

-- Playlist table
INSERT INTO Playlist (PlaylistName, CreationDate, UserID)
VALUES 
('Favorites', '2024-03-18', 1),
('Workout', '2024-03-18', 1),
('Chill', '2024-03-18', 2),
('Study', '2024-03-18', 3),
('Party', '2024-03-18', 4),
('Relax', '2024-03-18', 5),
('Driving', '2024-03-18', 6),
('Focus', '2024-03-18', 7),
('Morning', '2024-03-18', 8),
('Night', '2024-03-18', 9),
('Road Trip', '2024-03-18', 10),
('Romantic', '2024-03-18', 11),
('Work Mix', '2024-03-18', 1),
('Yoga', '2024-03-18', 2),
('Coding', '2024-03-18', 3),
('Gym', '2024-03-18', 4),
('Vacation', '2024-03-18', 5),
('Concentration', '2024-03-18', 6),
('Afternoon', '2024-03-18', 7),
('Evening', '2024-03-18', 8),
('Weekend Vibes', '2024-03-18', 10),
('Holiday', '2024-03-18', 11),
('Favorites II', '2024-03-18', 12),
('Productivity', '2024-03-18', 13),
('Chillout', '2024-03-18', 14),
('Studying', '2024-03-18', 15),
('Dance', '2024-03-18', 16),
('Meditation', '2024-03-18', 17),
('Commute', '2024-03-18', 18),
('Late Night', '2024-03-18', 19);

-- Artist table
INSERT INTO Artist (ArtistName, Biography)
VALUES 
('Taylor Swift', 'Biography of Taylor Swift'),
('Ed Sheeran', 'Biography of Ed Sheeran'),
('Beyoncé', 'Biography of Beyoncé'),
('Adele', 'Biography of Adele'),
('Justin Bieber', 'Biography of Justin Bieber'),
('Drake', 'Biography of Drake'),
('Rihanna', 'Biography of Rihanna'),
('Katy Perry', 'Biography of Katy Perry'),
('Eminem', 'Biography of Eminem'),
('Ariana Grande', 'Biography of Ariana Grande'),
('Lady Gaga', 'Biography of Lady Gaga'),
('Bruno Mars', 'Biography of Bruno Mars'),
('The Weeknd', 'Biography of The Weeknd'),
('Shawn Mendes', 'Biography of Shawn Mendes'),
('Dua Lipa', 'Biography of Dua Lipa'),
('Post Malone', 'Biography of Post Malone'),
('Billie Eilish', 'Biography of Billie Eilish'),
('Travis Scott', 'Biography of Travis Scott'),
('Sam Smith', 'Biography of Sam Smith'),
('Camila Cabello', 'Biography of Camila Cabello'),
('Kanye West', 'Biography of Kanye West'),
('Nicki Minaj', 'Biography of Nicki Minaj'),
('Taylor Swift', 'Biography of Taylor Swift'),
('Travis Scott', 'Biography of Travis Scott'),
('Cardi B', 'Biography of Cardi B'),
('Ariana Grande', 'Biography of Ariana Grande'),
('Drake', 'Biography of Drake'),
('Billie Eilish', 'Biography of Billie Eilish'),
('Kendrick Lamar', 'Biography of Kendrick Lamar'),
('Post Malone', 'Biography of Post Malone'),
('Harry Styles', 'Biography of Harry Styles'),
('Selena Gomez', 'Biography of Selena Gomez'),
('The Weeknd', 'Biography of The Weeknd'),
('Rihanna', 'Biography of Rihanna'),
('Beyoncé', 'Biography of Beyoncé'),
('Justin Bieber', 'Biography of Justin Bieber'),
('Ed Sheeran', 'Biography of Ed Sheeran'),
('Shawn Mendes', 'Biography of Shawn Mendes'),
('Camila Cabello', 'Biography of Camila Cabello'),
('Dua Lipa', 'Biography of Dua Lipa');

-- Album table
INSERT INTO Album (AlbumTitle, ReleaseDate, ArtistID)
VALUES ('Fearless', '2008-11-11', 1),
       ('Speak Now', '2010-10-25', 1),
       ('Red', '2012-10-22', 1),
       ('1989', '2014-10-27', 1),
       ('Reputation', '2017-11-10', 1),
       ('Lover', '2019-08-23', 1),
       ('Folklore', '2020-07-24', 1),
       ('Evermore', '2020-12-11', 1),
       ('+ (Plus)', '2011-09-09', 2),
       ('× (Multiply)', '2014-06-20', 2),
       ('÷ (Divide)', '2017-03-03', 2),
       ('No.6 Collaborations Project', '2019-07-12', 2),
       ('Dangerously in Love', '2003-06-24', 3),
       ('B\'Day', '2006-09-01', 3),
       ('I Am... Sasha Fierce', '2008-11-14', 3),
       ('4', '2011-06-24', 3),
       ('Beyoncé', '2013-12-13', 3),
       ('Lemonade', '2016-04-23', 3),
       ('19', '2008-01-28', 4),
       ('21', '2011-01-24', 4),
       ('25', '2015-11-20', 4),
       ('My World 2.0', '2010-03-19', 5),
       ('Under the Mistletoe', '2011-11-01', 5),
       ('Believe', '2012-06-15', 5),
       ('Purpose', '2015-11-13', 5),
       ('Changes', '2020-02-14', 5),
       ('Thank Me Later', '2010-06-15', 6),
       ('Take Care', '2011-11-15', 6),
       ('Nothing Was the Same', '2013-09-24', 6),
       ('Views', '2016-04-29', 6),
       ('Scorpion', '2018-06-29', 6),
       ('Music of the Sun', '2005-08-30', 7),
       ('A Girl like Me', '2006-04-10', 7),
       ('Good Girl Gone Bad', '2007-06-05', 7),
       ('Rated R', '2009-11-20', 7),
       ('Loud', '2010-11-12', 7),
       ('Talk That Talk', '2011-11-18', 7),
       ('Unapologetic', '2012-11-19', 7),
       ('Anti', '2016-01-28', 7),
       ('Katy Hudson', '2001-10-23', 8),
       ('One of the Boys', '2008-06-17', 8),
       ('Teenage Dream', '2010-08-24', 8),
       ('Prism', '2013-10-18', 8),
       ('Witness', '2017-06-09', 8),
       ('Infinite', '1996-11-12', 9),
       ('The Slim Shady LP', '1999-02-23', 9),
       ('The Marshall Mathers LP', '2000-05-23', 9),
       ('The Eminem Show', '2002-05-26', 9),
       ('Encore', '2004-11-12', 9),
       ('Relapse', '2009-05-15', 9),
       ('Recovery', '2010-06-18', 9),
       ('The Marshall Mathers LP 2', '2013-11-05', 9),
       ('Revival', '2017-12-15', 9),
       ('Kamikaze', '2018-08-31', 9),
       ('Music to Be Murdered By', '2020-01-17', 9),
       ('Yours Truly', '2013-09-03', 10),
       ('My Everything', '2014-08-25', 10),
       ('Dangerous Woman', '2016-05-20', 10),
       ('Sweetener', '2018-08-17', 10),
       ('Thank U, Next', '2019-02-08', 10),
       ('Positions', '2020-10-30', 10),
       ('The Fame', '2008-08-19', 11),
       ('The Fame Monster', '2009-11-18', 11),
       ('Born This Way', '2011-05-23', 11),
       ('Artpop', '2013-11-06', 11),
       ('Cheek to Cheek', '2014-09-19', 11),
       ('Joanne', '2016-10-21', 11),
       ('Chromatica', '2020-05-29', 11),
       ('Doo-Wops & Hooligans', '2010-10-04', 12),
       ('Unorthodox Jukebox', '2012-12-07', 12),
       ('24K Magic', '2016-11-18', 12),
       ('Kiss Land', '2013-09-10', 13),
       ('Beauty Behind the Madness', '2015-08-28', 13),
       ('Starboy', '2016-11-25', 13),
       ('My Dear Melancholy', '2018-03-30', 13),
       ('After Hours', '2020-03-20', 13),
       ('Handwritten', '2015-04-14', 14),
       ('Illuminate', '2016-09-23', 14),
       ('Shawn Mendes', '2018-05-25', 14),
       ('Wonder', '2020-12-04', 14),
       ('Dua Lipa', '2017-06-02', 15),
       ('Future Nostalgia', '2020-03-27', 15),
       ('Stoney', '2016-12-09', 16),
       ('Beerbongs & Bentleys', '2018-04-27', 16),
       ('Hollywood\'s Bleeding', '2019-09-06', 16),
       ('When We All Fall Asleep, Where Do We Go?', '2019-03-29', 17),
       ('Happier Than Ever', '2021-07-30', 17),
       ('Rodeo', '2015-09-04', 18),
       ('Birds in the Trap Sing McKnight', '2016-09-02', 18),
       ('Astroworld', '2018-08-03', 18),
       ('In the Lonely Hour', '2014-05-26', 19),
       ('The Thrill of It All', '2017-11-03', 19),
       ('Love Goes', '2020-10-30', 19),
       ('Camila', '2018-01-12', 20),
       ('Romance', '2019-12-06', 20);


-- Genre table
INSERT INTO Genre (GenreName)
VALUES 
('Pop'),
('Rock'),
('Hip Hop'),
('R&B'),
('Country'),
('Electronic'),
('Indie'),
('Jazz'),
('Reggae'),
('Classical'),
('Rap');

-- Song table
INSERT INTO Song (SongTitle, Duration, ReleaseDate, ArtistID, AlbumID, GenreID)
VALUES ('Love Story', '00:03:55', '2008-09-12', 1, 1, 1),
('Mine', '00:03:50', '2010-08-04', 1, 2, 1),
('State of Grace', '00:04:55', '2012-10-01', 1, 3, 1),
('Shake It Off', '00:03:39', '2014-08-18', 1, 4, 1),
('Look What You Made Me Do', '00:03:31', '2017-08-25', 1, 5, 1),
('ME!', '00:03:13', '2019-04-26', 1, 6, 1), 
('Cardigan', '00:03:59', '2020-07-24', 1, 7, 1),
('Willow', '00:03:34', '2020-12-11', 1, 8, 1),
('The A Team', '00:04:18', '2011-06-12', 2, 9, 2),
('Sing', '00:03:54', '2014-04-07', 2, 10, 2),
('Shape of You', '00:03:53', '2017-01-06', 2, 11, 2),
('I Don\'t Care', '00:03:40', '2019-05-10', 2, 12, 2),
('Crazy in Love', '00:03:56', '2003-05-18', 3, 13, 3),
('Irreplaceable', '00:03:47', '2006-10-23', 3, 14, 3),
('Halo', '00:04:21', '2008-10-07', 3, 15, 3),
('Countdown', '00:03:32', '2011-06-24', 3, 16, 3),
('Drunk in Love', '00:05:23', '2013-12-13', 3, 17, 3),
('Formation', '00:03:26', '2016-04-23', 3, 18, 3),
('Chasing Pavements', '00:03:31', '2008-01-14', 4, 19, 4),
('Rolling in the Deep', '00:03:48', '2010-11-29', 4, 20, 4),
('Hello', '00:04:55', '2015-10-23', 4, 21, 4),
('Baby', '00:03:36', '2010-01-18', 5, 22, 1),
('Mistletoe', '00:03:02', '2011-10-17', 5, 23, 1),
('Boyfriend', '00:02:52', '2012-03-26', 5, 24, 1),
('Sorry', '00:03:20', '2015-10-23', 5, 25, 1),
('Intentions', '00:03:32', '2020-02-07', 5, 26, 1),
('Over', '00:03:55', '2010-03-08', 6, 27, 5),
('Take Care', '00:04:37', '2011-11-15', 6, 28, 5),
('Hold On, We\'re Going Home', '00:03:47', '2013-08-07', 6, 29, 5),
('One Dance', '00:02:54', '2016-04-05', 6, 30, 5),
('God\'s Plan', '00:03:18', '2018-01-19', 6, 31, 5),
('Pon de Replay', '00:04:06', '2005-05-24', 7, 32, 6),
('SOS', '00:04:00', '2006-04-11', 7, 33, 6),
('Umbrella', '00:04:35', '2007-05-14', 7, 34, 6),
('Rude Boy', '00:03:42', '2009-02-20', 7, 35, 6),
('Only Girl (In the World)', '00:03:55', '2010-09-10', 7, 36, 6),
('We Found Love', '00:03:35', '2011-09-22', 7, 37, 6),
('Diamonds', '00:03:45', '2012-09-27', 7, 38, 6),
('Work', '00:03:39', '2016-01-27', 7, 39, 6),
('Trust in Me', '00:03:47', '2001-02-08', 8, 40, 1),
('I Kissed a Girl', '00:03:00', '2008-04-28', 8, 41, 1),
('California Gurls', '00:03:54', '2010-05-07', 8, 42, 1),
('Roar', '00:03:42', '2013-08-10', 8, 43, 1),
('Chained to the Rhythm', '00:03:57', '2017-02-10', 8, 44, 1),
('Infinite', '00:04:03', '1996-11-12', 9, 45, 7),
('My Name Is', '00:04:28', '1999-01-25', 9, 46, 7),
('The Real Slim Shady', '00:04:45', '2000-05-16', 9, 47, 7),
('Without Me', '00:04:50', '2002-05-14', 9, 48, 7),
('Mockingbird', '00:04:10', '2004-11-12', 9, 49, 7),
('Beautiful', '00:06:32', '2009-04-23', 9, 50, 7),
('Not Afraid', '00:04:10', '2010-04-29', 9, 51, 7),
('Berzerk', '00:03:58', '2013-08-27', 9, 52, 7),
('Walk on Water', '00:05:03', '2017-11-10', 9, 53, 7),
('Lucky You', '00:04:05', '2018-08-31', 9, 54, 7),
('Godzilla', '00:03:30', '2020-01-17', 9, 55, 7),
('The Way', '00:03:47', '2013-03-25', 10, 56, 1),
('Problem', '00:03:13', '2014-04-28', 10, 57, 1),
('Dangerous Woman', '00:03:55', '2016-03-11', 10, 58, 1),
('No Tears Left to Cry', '00:03:25', '2018-04-20', 10, 59, 1),
('Thank U, Next', '00:03:27', '2018-11-03', 10, 60, 1),
('Positions', '00:02:52', '2020-10-30', 10, 61, 1),
('Just Dance', '00:04:04', '2008-04-08', 11, 62, 8),
('Bad Romance', '00:04:54', '2009-10-26', 11, 63, 8),
('Born This Way', '00:04:20', '2011-02-11', 11, 64, 8),
('Applause', '00:03:32', '2013-08-12', 11, 65, 8),
('Cheek to Cheek', '00:02:53', '2014-09-19', 11, 66, 8),
('Million Reasons', '00:03:25', '2016-10-06', 11, 67, 8),
('Stupid Love', '00:03:13', '2020-02-28', 11, 68, 8),
('Just the Way You Are', '00:03:40', '2010-07-20', 12, 69, 1),
('Locked Out of Heaven', '00:03:53', '2012-10-01', 12, 70, 1),
('24K Magic', '00:03:46', '2016-10-07', 12, 71, 1),
('Belong to the World', '00:06:07', '2013-07-16', 13, 72, 5),
('Can\'t Feel My Face', '00:03:35', '2015-06-08', 13, 73, 5),
('Starboy', '00:03:50', '2016-09-22', 13, 74, 5),
('Call Out My Name', '00:03:48', '2018-03-30', 13, 75, 5),
('Blinding Lights', '00:03:22', '2020-03-20', 13, 76, 5),
('Stitches', '00:03:26', '2015-04-14', 14, 77, 1),
('Treat You Better', '00:03:07', '2016-09-23', 14, 78, 1),
('In My Blood', '00:03:31', '2018-05-25', 14, 79, 1),
('Wonder', '00:02:49', '2020-12-04', 14, 80, 1),
('New Rules', '00:03:32', '2017-06-02', 15, 81, 1),
('Don\'t Start Now', '00:03:03', '2020-03-27', 15, 82, 1),
('Congratulations', '00:03:40', '2016-12-09', 16, 83, 5),
('Rockstar', '00:03:38', '2018-04-27', 16, 84, 5),
('Circles', '00:03:34', '2019-09-06', 16, 85, 5),
('Bad Guy', '00:03:14', '2019-03-29', 17, 86, 5),
('Therefore I Am', '00:02:54', '2021-07-30', 17, 87, 5),
('Antidote', '00:04:22', '2015-09-04', 18, 88, 9),
('Goosebumps', '00:04:03', '2016-09-02', 18, 89, 9),
('Sicko Mode', '00:05:12', '2018-08-03', 18, 90, 9),
('Stay with Me', '00:02:52', '2014-04-14', 19, 91, 4),
('Too Good at Goodbyes', '00:03:21', '2017-09-08', 19, 92, 4),
('Diamonds', '00:03:33', '2020-09-18', 19, 93, 4),
('Havana', '00:03:37', '2017-08-03', 20, 94, 1),
('Señorita', '00:03:11', '2019-06-21', 20, 95, 1);
select * from song;
-- PlaylistSong table
INSERT INTO PlaylistSong (PlaylistID, SongID)
VALUES 
(1, 1),
(1, 2),
(2, 3),
(2, 4),
(3, 5),
(3, 6),
(4, 7),
(4, 8),
(5, 9),
(5, 10),
(6, 11),
(6, 12),
(7, 13),
(7, 14),
(8, 15),
(8, 16),
(9, 17),
(9, 18),
(10, 19),
(10, 20),
(11, 21),
(11, 22),
(12, 23),
(12, 24),
(13, 25),
(13, 26),
(14, 27),
(14, 28),
(15, 29),
(15, 30),
(16, 31),
(16, 32),
(17, 33),
(17, 34),
(18, 35),
(18, 36),
(19, 37),
(19, 38),
(20, 39),
(20, 40);

-- SubscriptionPlan table
INSERT INTO SubscriptionPlan (PlanID, PlanName, MonthlyPrice, Features)
VALUES 
(1, 'Free', 0.00, 'Basic features only'),
(2, 'Basic', 9.99, 'Additional features'),
(3, 'Premium', 19.99, 'Full access to all features');

-- Payment table
INSERT INTO Payment (PaymentID, UserID, Amount, PaymentDate, PaymentMethod)
VALUES 
(1, 1, 19.99, '2024-03-18', 'Credit Card'),
(2, 2, 9.99, '2024-03-18', 'PayPal'),
(3, 3, 0.00, '2024-03-18', 'None'),
(4, 4, 19.99, '2024-03-18', 'Credit Card'),
(5, 5, 9.99, '2024-03-18', 'PayPal'),
(6, 6, 0.00, '2024-03-18', 'None'),
(7, 7, 19.99, '2024-03-18', 'Credit Card'),
(8, 8, 9.99, '2024-03-18', 'PayPal'),
(9, 9, 0.00, '2024-03-18', 'None'),
(10, 10, 19.99, '2024-03-18', 'Credit Card'),
(11, 11, 9.99, '2024-03-18', 'PayPal'),
(12, 12, 0.00, '2024-03-18', 'None'),
(13, 13, 19.99, '2024-03-18', 'Credit Card'),
(14, 14, 9.99, '2024-03-18', 'PayPal'),
(15, 15, 0.00, '2024-03-18', 'None'),
(16, 16, 19.99, '2024-03-18', 'Credit Card'),
(17, 17, 9.99, '2024-03-18', 'PayPal'),
(18, 18, 0.00, '2024-03-18', 'None'),
(19, 19, 19.99, '2024-03-18', 'Credit Card'),
(20, 20, 9.99, '2024-03-18', 'PayPal'),
(21, 21, 0.00, '2024-03-18', 'None'),
(22, 22, 19.99, '2024-03-18', 'Credit Card');


-- Device table
INSERT INTO Device (DeviceID, UserID, DeviceName, DeviceType, LastAccessed)
VALUES 
(1, 1, 'iPhone', 'iOS', CURRENT_TIMESTAMP),
(2, 2, 'Android Tablet', 'Android', CURRENT_TIMESTAMP),
(3, 3, 'Laptop', 'Windows', CURRENT_TIMESTAMP),
(4, 4, 'iPad', 'iOS', CURRENT_TIMESTAMP),
(5, 5, 'Android Phone', 'Android', CURRENT_TIMESTAMP),
(6, 6, 'Smart TV', 'Other', CURRENT_TIMESTAMP),
(7, 7, 'Smartwatch', 'Other', CURRENT_TIMESTAMP),
(8, 8, 'Desktop', 'Windows', CURRENT_TIMESTAMP),
(9, 9, 'Macbook', 'macOS', CURRENT_TIMESTAMP),
(10, 10, 'Tablet', 'iOS', CURRENT_TIMESTAMP),
(11, 11, 'Android Phone', 'Android', CURRENT_TIMESTAMP),
(12, 12, 'Smart TV', 'Other', CURRENT_TIMESTAMP),
(13, 13, 'iPhone', 'iOS', CURRENT_TIMESTAMP),
(14, 14, 'iPad', 'iOS', CURRENT_TIMESTAMP),
(15, 15, 'Desktop', 'Windows', CURRENT_TIMESTAMP),
(16, 16, 'Macbook', 'macOS', CURRENT_TIMESTAMP),
(17, 17, 'Tablet', 'iOS', CURRENT_TIMESTAMP),
(18, 18, 'Android Tablet', 'Android', CURRENT_TIMESTAMP),
(19, 19, 'Laptop', 'Windows', CURRENT_TIMESTAMP),
(20, 20, 'iPhone', 'iOS', CURRENT_TIMESTAMP),
(21, 21, 'Android Phone', 'Android', CURRENT_TIMESTAMP),
(22, 22, 'Smart TV', 'Other', CURRENT_TIMESTAMP);

-- ArtistGenre table
INSERT INTO ArtistGenre (ArtistID, GenreID)
VALUES 
(1, 1),
(2, 1),
(3, 3),
(4, 4),
(5, 1),
(6, 3),
(7, 3),
(8, 1),
(9, 2),
(10, 1),
(11, 2),
(12, 2),
(13, 3),
(14, 2),
(15, 1),
(16, 3),
(17, 1),
(18, 1),
(19, 4),
(20, 1),
(21, 5),
(22, 1),
(23, 3),
(24, 1),
(25, 5),
(26, 3),
(27, 6),
(28, 3),
(29, 4),
(30, 1),
(31, 6),
(32, 3),
(33, 1),
(34, 1),
(35, 6),
(36, 1),
(37, 3),
(38, 1),
(39, 3),
(40, 1);

-- UserHistory table
INSERT INTO UserHistory (HistoryID, UserID, SongID, Timestamp, Action)
VALUES 
(1, 1, 1, CURRENT_TIMESTAMP, 'Played'),
(2, 1, 2, CURRENT_TIMESTAMP, 'Skipped'),
(3, 2, 3, CURRENT_TIMESTAMP, 'Played'),
(4, 2, 4, CURRENT_TIMESTAMP, 'Played'),
(5, 3, 5, CURRENT_TIMESTAMP, 'Skipped'),
(6, 3, 6, CURRENT_TIMESTAMP, 'Played'),
(7, 4, 7, CURRENT_TIMESTAMP, 'Played'),
(8, 4, 8, CURRENT_TIMESTAMP, 'Skipped'),
(9, 5, 9, CURRENT_TIMESTAMP, 'Played'),
(10, 5, 10, CURRENT_TIMESTAMP, 'Played'),
(11, 6, 11, CURRENT_TIMESTAMP, 'Played'),
(12, 6, 12, CURRENT_TIMESTAMP, 'Skipped'),
(13, 7, 13, CURRENT_TIMESTAMP, 'Played'),
(14, 7, 14, CURRENT_TIMESTAMP, 'Played'),
(15, 8, 15, CURRENT_TIMESTAMP, 'Skipped'),
(16, 8, 16, CURRENT_TIMESTAMP, 'Played'),
(17, 9, 17, CURRENT_TIMESTAMP, 'Played'),
(18, 9, 18, CURRENT_TIMESTAMP, 'Skipped'),
(19, 10, 19, CURRENT_TIMESTAMP, 'Played'),
(20, 10, 20, CURRENT_TIMESTAMP, 'Played'),
(21, 11, 21, CURRENT_TIMESTAMP, 'Skipped'),
(22, 11, 22, CURRENT_TIMESTAMP, 'Played');

-- Advertisement table
INSERT INTO Advertisement (AdID, Advertiser, AdType, Duration, Clicks, Impressions)
VALUES 
(1, 'Company A', 'Banner', 30, 100, 10000),
(2, 'Company B', 'Video', 60, 50, 5000),
(3, 'Company C', 'Audio', 15, 200, 15000),
(4, 'Company D', 'Banner', 30, 80, 8000),
(5, 'Company E', 'Video', 60, 70, 7000),
(6, 'Company F', 'Audio', 15, 150, 10000),
(7, 'Company G', 'Banner', 30, 120, 12000),
(8, 'Company H', 'Video', 60, 90, 9000),
(9, 'Company I', 'Audio', 15, 180, 11000),
(10, 'Company J', 'Banner', 30, 110, 13000);

-- OfflineDownloads table
INSERT INTO OfflineDownloads (DownloadID, UserID, SongID, DownloadDate, DeviceID)
VALUES 
(1, 1, 1, '2024-03-18', 1),
(2, 2, 2, '2024-03-18', 2),
(3, 3, 3, '2024-03-18', 3),
(4, 4, 4, '2024-03-18', 4),
(5, 5, 5, '2024-03-18', 5),
(6, 6, 6, '2024-03-18', 6),
(7, 7, 7, '2024-03-18', 7),
(8, 8, 8, '2024-03-18', 8),
(9, 9, 9, '2024-03-18', 9),
(10, 10, 10, '2024-03-18', 10),
(11, 11, 11, '2024-03-18', 11),
(12, 12, 12, '2024-03-18', 12),
(13, 13, 13, '2024-03-18', 13),
(14, 14, 14, '2024-03-18', 14),
(15, 15, 15, '2024-03-18', 15),
(16, 16, 16, '2024-03-18', 16),
(17, 17, 17, '2024-03-18', 17),
(18, 18, 18, '2024-03-18', 18),
(19, 19, 19, '2024-03-18', 19),
(20, 20, 20, '2024-03-18', 20),
(21, 21, 21, '2024-03-18', 21),
(22, 22, 22, '2024-03-18', 22);

-- TextLanguage table
INSERT INTO TextLanguage (LanguageID, LanguageName)
VALUES 
(1, 'English'),
(2, 'Spanish'),
(3, 'French'),
(4, 'German'),
(5, 'Hindi'),
(6, 'Japanese'),
(7, 'Korean'),
(8, 'Chinese'),
(9, 'Russian'),
(10, 'Arabic');

-- SongLanguage table
INSERT INTO SongLanguage (SongID, LanguageID)
VALUES 
(1, 1),
(2, 1),
(3, 2),
(4, 2),
(5, 3),
(6, 3),
(7, 4),
(8, 4),
(9, 5),
(10, 5),
(11, 1),
(12, 2),
(13, 3),
(14, 4),
(15, 5),
(16, 1),
(17, 2),
(18, 3),
(19, 4),
(20, 5),
(21, 1),
(22, 2),
(23, 3),
(24, 4),
(25, 5),
(26, 1),
(27, 2),
(28, 3),
(29, 4),
(30, 5),
(31, 1),
(32, 2),
(33, 3),
(34, 4),
(35, 5),
(36, 1),
(37, 2),
(38, 3),
(39, 4),
(40, 5),
(41, 1),
(42, 2),
(43, 3),
(44, 4),
(45, 5),
(46, 1),
(47, 2),
(48, 3),
(49, 4),
(50, 5),
(51, 1),
(52, 2),
(53, 3),
(54, 4),
(55, 5),
(56, 1),
(57, 2),
(58, 3),
(59, 4),
(60, 5),
(61, 1),
(62, 2),
(63, 3),
(64, 4),
(65, 5),
(66, 1),
(67, 2),
(68, 3),
(69, 4),
(70, 5),
(71, 1),
(72, 2),
(73, 3),
(74, 4),
(75, 5),
(76, 1),
(77, 2),
(78, 3),
(79, 4),
(80, 5),
(81, 1),
(82, 2),
(83, 3),
(84, 4),
(85, 5),
(86, 1),
(87, 2),
(88, 3),
(89, 4),
(90, 5),
(91, 1),
(92, 2),
(93, 3),
(94, 4),
(95, 5);
